Lag_Days,Correlation
0,0.007938445618006043
1,0.007938070915341806
2,0.007949942607327742
3,0.00793581134849868
4,0.007920234214136526
5,0.007915333418569117
6,0.00791783772706763
7,0.007894864173088574
