classification,Extreme Fear,Extreme Greed,Fear,Greed,Neutral
Extreme Fear,0.8188976377952756,0.0,0.1732283464566929,0.0,0.007874015748031496
Extreme Greed,0.0,0.8312883435582822,0.006134969325153374,0.15950920245398773,0.003067484662576687
Fear,0.11267605633802817,0.0012804097311139564,0.7810499359795134,0.015364916773367477,0.08962868117797695
Greed,0.0015822784810126582,0.08544303797468354,0.0189873417721519,0.7879746835443038,0.1060126582278481
Neutral,0.007575757575757576,0.0,0.1717171717171717,0.17929292929292928,0.6414141414141414
